words,
sauce,0.793975294
pasta,0.75643672
stretch,0.727808356
service,0.7200135
bartender,0.71980343
reason,0.716449142
mushroom,0.676078535
price,0.635105193
plancha,0.632270396
weather,0.625653028
